150DALE,MTD5437
150DOD,MTD2634
150UNI,MTD6741
1STARY,MTD6236
1STCHSTR,MTD6635
1STDAN,MTD4361
1STE14,MTD4247
1STGRG,MTD5747
1STGTY,MTD4241
1STHZLWD,MTD0342
1STPDY,MTD3246
1STSMR,MTD1333
1STSTDM,MTD1756
1STWDSR,MTD5610
2NDCHCH,MTD6161
2NDHILL,MTD1777
2NDPK,MTD2735
2NDUNI,MTD5743
3RDDAN,MTD4505
4THARY,MTD5576
4THBIELFELDT,MTD8013
4THBRAD,MTD2872
4THCHAL,MTD4752
4THGRG,MTD1411
4THKBY,MTD6675
4THPA,MTD6735
4THPDY,MTD3014
4THSMR,MTD7424
5THBRAD,MTD5452
5THBRD,MTD2054
5THCHAL,MTD7555
5THCLMBA,MTD2036
5THERKA,MTD1232
5THGRV,MTD2337
5THTRMNT,MTD4102
5THVIN,MTD1255
5THWASH,MTD5571
6THARY,MTD2214
6THBRAD,MTD5422
6THCHAL,MTD1546
6THGRG,MTD1523
6THPDY,MTD0153
ADRSNBKWD,MTD7460
ADRSNBRTN,MTD2556
ADRSNCO,MTD5667
ADRSNELIOT,MTD0211
ADRSNEVRGN,MTD4232
ADRSNFRLN,MTD2224
ADRSNHRDG,MTD3324
ADRSNHTHN,MTD0564
ADRSNMFRD,MTD5145
ADRSNMI,MTD2475
ADRSNSLVR,MTD1132
ADRSNSNYC,MTD5463
ALDI150,MTD6445
ALPBRAD,MTD0795
ALPTMBLN,MTD3624
AMBMYRA,MTD4624
AMBPHILO,MTD1511
AMBUC,MTD4322
ANTCMBL,MTD5255
ANTDALE,MTD3135
ANTDOBB,MTD4730
ANTGOODWILL,MTD7542
ANTHNYMICHLS,MTD4724
ANTHNYOAP,MTD1743
ANTHYCLMBA,MTD0469
ANTHYDAWN,MTD9885
ANTHYDUSK,MTD8695
ANTHYGW,MTD2716
ANTHYRK,MTD0344
ANTHYVP,MTD1971
ANTKANK,MTD6056
ANTMATS,MTD5742
ANTNSHR,MTD8026
ANTVP,MTD6526
ANTWTRS,MTD1256
APTHICRS,MTD2364
ARC,MTD5762
ARPRTARLNE,MTD7552
ARPRTCLFTN,MTD1789
ARPRTCNGHM,MTD7442
ARPRTCPTVA,MTD0228
ARPRTDNLD,MTD9387
ARPRTFDCRST,MTD9405
ARPRTLNDSFRM,MTD5598
ARPRTSKYLN,MTD5558
ARPRTSMRST,MTD2944
ARPRTWLLW,MTD4762
ARYWRT,MTD4145
ASHTON,MTD4235
ATRIUM,MTD2562
BAYBRDWLK,MTD3237
BCHRMN,MTD1422
BDMRBLMY,MTD3641
BDMRCRSNT,MTD7365
BDMRDVD,MTD2114
BDMRGLN,MTD0352
BDMRGTWN,MTD4775
BDMRLCNPL,MTD0323
BDMRLNWD,MTD2606
BDMRLSDED,MTD7216
BDMRMCD,MTD6455
BDMRRBT,MTD1742
BDWYBLY,MTD1337
BDWYCCR,MTD6222
BDWYCHPN,MTD5735
BDWYCLD,MTD6615
BDWYCM,MTD3432
BDWYFRKLN,MTD6141
BDWYKER,MTD2651
BDWYLST,MTD2352
BDWYOKLN,MTD5414
BDWYPK,MTD3172
BDWYTPSN,MTD1324
BDWYUNI,MTD2021
BDWYWTR,MTD7562
BESNBRTLW,MTD2813
BL,MTD2333
BLBOAPSPCT,MTD7256
BLBOASWD,MTD6446
BLGRSSDGGRS,MTD3164
BLGRSSMRSG,MTD3742
BLGRSTLGRS,MTD3540
BLOMAL,MTD5541
BLOMHGN,MTD1646
BLOMHILND,MTD6444
BLOMKMRT,MTD1426
BLOMLA,MTD2762
BLOMMCNLY,MTD6276
BLOMMTDF,MTD1626
BLOMPNR,MTD0021
BLOMPSPCT,MTD1512
BLOMSNST,MTD1566
BLOMWLS,MTD3541
BNBLRAMY,MTD3305
BNBLRGDMD,MTD5227
BNBLRNNBTH,MTD1666
BNBLRSHRN,MTD1253
BNBLRVLR,MTD5355
BNFLDAPT,MTD5066
BNFLDARL,MTD4334
BNFLDCFTN,MTD2626
BNFLDCLMBA,MTD3656
BNFLDDON,MTD3236
BNFLDJHN,MTD1344
BNFLDML,MTD1552
BNFLDPKNS,MTD1136
BNFLDPRVW,MTD6566
BNFLDSLYN,MTD2216
BNTBRKBBCT,MTD3539
BNTBRKCBLFLD,MTD5384
BNTBRKGLFCRK,MTD1656
BNTBRKPNCRST,MTD1503
BNTBRKRVRKNL,MTD0522
BNTBRKSTLY,MTD1722
BRAD,MTD4612
BRADCFD,MTD6052
BRADCLTN,MTD2353
BRADCMI,MTD3123
BRADCRPS,MTD3456
BRADCRVR,MTD7443
BRADDNCN,MTD2234
BRADELM,MTD3665
BRADGH,MTD6216
BRADHGN,MTD6232
BRADHKRY,MTD2577
BRADJAS,MTD2622
BRADMATS,MTD3675
BRADMCNLY,MTD7503
BRADNEIL,MTD5904
BRADPSPCT,MTD3451
BRADRDWD,MTD3067
BRADRNDLF,MTD2332
BRADSTE,MTD3254
BRADWLNT,MTD1051
BRADWLS,MTD6422
BRADWMBG,MTD6014
BRDNTLSN,MTD0215
BRDWLKINT,MTD0991
BRDWLKMJR,MTD2212
BRDWLKTCB,MTD6132
BRDYGBC,MTD1101
BRDYHI,MTD3125
BRNTWDGLDVW,MTD5457
BRTLWARPRT,MTD9205
BRTTRLKNTNKNL,MTD7561
BRTTRLMLKN,MTD5477
BRTTRLSTHFRD,MTD5110
BRTTRLSTHFRDTR,MTD5516
BRTTRLSTLY,MTD7747
BRWSLNST,MTD2636
BRWSWDFLD,MTD3652
BSLNRMN,MTD5235
BTSLRMN,MTD2446
CACC,MTD1616
CB,MTD1735
CBLFDABDN,MTD6630
CBLFLDBDGPT,MTD0603
CBLFLDBLML,MTD9467
CBLFLDCRL,MTD5159
CBLFLDEGLWD,MTD7709
CBLFLDGLNBRK,MTD3159
CBLFLDINV,MTD1494
CBRTPK,MTD5400
CCNH,MTD2236
CCRAPTS,MTD0462
CCRDVSN,MTD7346
CCRGFVW,MTD6165
CCRWLLW,MTD2223
CCSJ,MTD1223
CE,MTD6231
CENTRAL,MTD8078
CF,MTD2456
CFDCAMP,MTD0067
CFDCHCH,MTD3642
CFDCONE,MTD2213
CFDHNDL,MTD4572
CFDPK,MTD3416
CFDRP,MTD1952
CFDSPFLD,MTD4641
CFDSSI,MTD7024
CFDUNI,MTD4555
CFS,MTD0347
CFW,MTD2643
CHCH,MTD7155
CHCHBUSY,MTD1814
CHCHCRSN,MTD2335
CHCHDNTN,MTD4756
CHCHDRPR,MTD7566
CHCHEDWN,MTD6503
CHCHELM,MTD2164
CHCHFAIR,MTD1427
CHCHGRFLD,MTD5721
CHCHJAS,MTD4236
CHCHLYN,MTD6257
CHCHMATS,MTD6512
CHCHMCNLY,MTD1356
CHCHMLR,MTD2163
CHCHNEIL,MTD7533
CHCHNEW,MTD5172
CHCHORCD,MTD3505
CHCHPRRE,MTD1651
CHCHPSPCT,MTD0223
CHCHRNDLF,MTD2560
CHCHRSL,MTD5535
CHCHSTE,MTD6432
CHCHVCTR,MTD3244
CHCHWLS,MTD7654
CHEMLS,MTD6242
CHHLAPLWD,MTD1252
CHHLBYHL,MTD4072
CHHLCPRTRE,MTD5312
CHHLCTS,MTD7573
CHHLCYPCK,MTD6011
CHHLLKVW,MTD5631
CHHLPNVY,MTD3072
CHSTRWTR,MTD1234
CLMBABTSYRS,MTD6939
CLMBAHKRY,MTD3514
CLMBAHNK,MTD2764
CLMBANEIL,MTD2635
CLRCHCH,MTD5155
CLRFRVW,MTD3715
CLRPK,MTD4521
CLTNBLRV,MTD7345
CLTNCLW,MTD5190
CLTNCPT,MTD3799
CLTNCRVCR,MTD0102
CLTNCSV,MTD0466
CLTNCVT,MTD4203
CLTNDLMR,MTD6126
CLTNDNCN,MTD7097
CLTNHGN,MTD5561
CLTNHLT,MTD0787
CLTNHTG,MTD2370
CLTNHV,MTD7570
CLTNIRVN,MTD5023
CLTNPMNA,MTD1625
CLTNRSM,MTD4526
CMBLAZTEC,MTD7543
CMBLCMCHE,MTD4426
CMBLCRT,MTD2516
CMBLDBNS,MTD4141
CMBLQNWAY,MTD1611
CMBLRLND,MTD7634
CMIHS,MTD4027
CNHMCLD,MTD7981
CNHMOKLN,MTD6674
CNHMPKNS,MTD2620
CNHMTPSN,MTD5764
CNVMKT,MTD1454
COLRCH,MTD3442
CPRRDGBLKHK,MTD5500
CPRRDGCPR,MTD1224
CPRRDGIRNWD,MTD3207
CPRRDGMLKN,MTD0634
CPRRDGSND,MTD2101
CPTVAGRG,MTD0482
CPTVANRTHWD,MTD1664
CPTVASNBL,MTD2309
CRNDODVR,MTD6767
CRNDOVTRA,MTD1243
CROL,MTD5542
CROLFD,MTD7221
CROLKER,MTD7461
CRSGTCHWK,MTD7644
CRSGTCRSGTCT,MTD1623
CRSGTIRNWD,MTD3650
CRSNTGRNDL,MTD1162
CRSNTJMS,MTD4272
CRSNTJOHN,MTD1752
CRSNTLWNDL,MTD5565
CRSNTOLA,MTD3422
CRSNTPKDL,MTD2355
CRSNTRBM,MTD3412
CRSNTRBR,MTD0513
CRSNTROD,MTD0241
CRSNTSANG,MTD4557
CRSNTSWD,MTD5221
CRSNTWLM,MTD5451
CRSTWDBRAD,MTD4333
CRSTWDCLTN,MTD6131
CRSTWDEDHFMN,MTD5367
CRSTWDFLNC,MTD7464
CRSTWDKTLYN,MTD7322
CRSTWDLDU,MTD1254
CRTSWNSTN,MTD2530
CSQRCT,MTD7011
CSQRKNCH,MTD6556
CTGRVBKWD,MTD1174
CTGRVBRITN,MTD6543
CTGRVCA,MTD6324
CTGRVCO,MTD4223
CTGRVCRWD,MTD6272
CTGRVDE,MTD0206
CTGRVERN,MTD3622
CTGRVGNWD,MTD6151
CTGRVGRN,MTD5363
CTGRVHRDG,MTD0547
CTGRVIL,MTD4244
CTGRVMCHM,MTD5205
CTGRVOR,MTD2321
CTGRVPA,MTD4365
CTGRVPHILO,MTD1262
CTGRVSYNC,MTD3623
CTGRVWASH,MTD1636
CTRYBNDSPGHL,MTD1276
CTRYBNDSUMHL,MTD3124
CTS1ST,MTD4113
CTSMDWBRTN,MTD0265
CTSMDWFXBRGH,MTD2466
CTSMDWSTLY,MTD2570
CTSPDKW,MTD4146
CTSUS45,MTD7953
CTSWIN,MTD6620
CVTRYHLFX,MTD4472
CVTRYMYNRD,MTD8341
CVTRYRXFRD,MTD2441
DCC,MTD4751
DDSNIL,MTD1670
DDSNNV,MTD6226
DDSNWASH,MTD6360
DEPOT,MTD0623
DNCNBLR,MTD5051
DNCNCLKRD,MTD3333
DNCNCLTN,MTD2633
DNCNCRSNG,MTD1600
DNCNCSTRG,MTD0269
DNCNDNL,MTD5454
DNCNHTWD,MTD2617
DNCNLGR,MTD4543
DNCNLWNDL,MTD2507
DNCNMWW,MTD4827
DNCNPMDW,MTD3371
DNCNRDGWD,MTD7431
DNCNSRA,MTD6237
DNCNSTNBK,MTD0411
DNCNSWOOD,MTD7342
DNCNVLR,MTD1635
DNCNVYBK,MTD6170
DNCNWTRSN,MTD3063
DNRPDY,MTD3445
DODSLYBK,MTD5232
DSC,MTD4207
DSCCLK,MTD1274
DVNDVNCT,MTD4611
DVNLNWD,MTD3729
DVNLSDED,MTD2666
DVNMYFR,MTD3102
DVNNL,MTD7647
DVNPCH,MTD3435
DVNSNPR,MTD4576
DVRBLBOA,MTD6454
E14,MTD3513
EAST,MTD5243
EASTKER,MTD2327
ELMPK,MTD6542
ELMVIN,MTD8449
EMS,MTD4045
FAR,MTD1366
FEDEXA,MTD9867
FLADAMS,MTD6516
FLADRSN,MTD5305
FLBRDWY,MTD4031
FLBRMD,MTD9564
FLBUSEY,MTD7201
FLCRTS,MTD1462
FLCTGRV,MTD2252
FLDSFRHL,MTD0632
FLDSTNHH,MTD0600
FLDSTNMETRI,MTD0601
FLFLCT,MTD2174
FLFLDR,MTD4711
FLGRV,MTD4206
FLHLCRST,MTD6752
FLJASCHER,MTD5736
FLKNCH,MTD0113
FLLCLNWD,MTD7456
FLLNCLN,MTD6352
FLLNCLWD,MTD8112
FLLNDN,MTD2543
FLMPL,MTD5311
FLOD,MTD1151
FLPHILO,MTD7036
FLPLSNT,MTD6751
FLRACE,MTD1672
FLRTLG,MTD2323
FLSMITH,MTD3565
FLSUN,MTD5325
FLSUNAPTS,MTD3632
FLVIN,MTD4306
FLWLY,MTD3444
FOXCE,MTD2124
FOXDVN,MTD3112
FOXKLWD,MTD6612
FOXREMAX,MTD3161
FOXSTE,MTD0700
FOXSURS,MTD5130
FOXWDSR,MTD2111
FRBRNWTN,MTD5114
FRHLSTLY,MTD9108
FRLN,MTD4125
FRLNCTGRV,MTD0243
FRLNERN,MTD2351
FRLNGRNT,MTD6414
FRLNPTN,MTD6346
FRVWBUSEY,MTD5761
FRVWGRG,MTD5224
FRVWGWN,MTD0724
FRVWHRVY,MTD7515
FRVWLNCLN,MTD1465
FRVWLNVW,MTD5456
FTHLRBT,MTD6316
GC,MTD2437
GDWNCB,MTD0156
GDWNMRL,MTD2360
GHFRACE,MTD2602
GLNDVN,MTD5444
GLNHRTN,MTD5665
GLNNWBY,MTD3152
GLNPLMT,MTD2515
GLNROSS,MTD2552
GLNSLBY,MTD2093
GLNSSX,MTD6347
GLNTDR,MTD4067
GLNWDSR,MTD3250
GLNWLSH,MTD1961
GLNYKSH,MTD0530
GRD,MTD4226
GRDBTZ,MTD2745
GRGDNR,MTD2451
GRGIKE,MTD4262
GRGLIB,MTD1455
GRGMUM,MTD2624
GRN2ND,MTD6431
GRN4TH,MTD3311
GRN6TH,MTD3343
GRNADRSN,MTD2612
GRNBRCH,MTD4061
GRNBUSEY,MTD6726
GRNCDR,MTD3552
GRNGRGST,MTD2264
GRNGRV,MTD4642
GRNGWN,MTD4360
GRNISR,MTD2472
GRNJNSN,MTD6423
GRNLCST,MTD3544
GRNLNCLN,MTD4201
GRNLYN,MTD3243
GRNMAT,MTD5415
GRNMPL,MTD1347
GRNNEIL,MTD3336
GRNORCH,MTD3617
GRNPRRE,MTD1370
GRNPSPCT,MTD7175
GRNRACE,MTD2303
GRNRNDLF,MTD5246
GRNSTE,MTD4103
GRNUBNA,MTD6322
GRNWBR,MTD4341
GRNWRT,MTD6456
GWNCHCH,MTD5643
GWNCLK,MTD7312
GWNGRG,MTD2554
GWNHIL,MTD3643
GWNMN,MTD6051
GWNNV,MTD1242
GWNPK,MTD6575
HDYINN,MTD0646
HGNDNSN,MTD2013
HGNPNR,MTD2406
HICRSALC,MTD2411
HICRSBA,MTD3051
HICRSNDLD,MTD5466
HLFX,MTD4602
HLFXMYNRD,MTD7124
HMLTNBTSYRS,MTD9328
HMTNJFSN,MTD5333
HNKHMTN,MTD2513
HNKLBRTY,MTD3071
HNTRASTN,MTD7025
HNTRCSQR,MTD0612
HNTRLNR,MTD4672
HOBBICO,MTD3516
HRDGSTP,MTD5551
HRISAL,MTD6350
HRISBLOM,MTD6162
HRISBRAD,MTD3421
HRISBRD,MTD4105
HRISFMS,MTD5021
HRISHRVRD,MTD6507
HRISLA,MTD3252
HRISMPL,MTD2225
HRISSHWD,MTD1314
HRTGPK,MTD4625
HSLRNDLF,MTD4112
HZLWDOAK,MTD2170
IETC,MTD1412
IETCMATS,MTD3253
ILAPTS,MTD4731
ILBDWY,MTD4014
ILGLN,MTD3272
INDIGO,MTD7234
INDPNCBTSYRS,MTD7862
INTERSTWW,MTD6940
INTFRBR,MTD5173
INTNWMK,MTD4645
INTRSRCH,MTD4450
INTWALMART,MTD3628
INVPSTWK,MTD2961
IP,MTD0972
ISR,MTD1444
ISWS,MTD1216
IT,MTD3121
ITMKT,MTD0338
IU,MTD0100
JFSNCLMBA,MTD5351
JMS,MTD0353
JOHNCHI,MTD5171
JOHNCSTLTN,MTD7050
JOHNDGWD,MTD2024
JOHNDNCN,MTD5192
JOHNDRPR,MTD5514
JOHNECRKCT,MTD6522
JOHNEDWN,MTD0750
JOHNELM,MTD1515
JOHNFAIR,MTD6545
JOHNFOLY,MTD4304
JOHNFRANK,MTD7244
JOHNGLDVW,MTD5664
JOHNGRFLD,MTD1532
JOHNHILND,MTD6336
JOHNHLYCST,MTD2778
JOHNJACK,MTD5030
JOHNJAS,MTD5525
JOHNKNWD,MTD1573
JOHNLYN,MTD1251
JOHNMATS,MTD3747
JOHNMCHLCT,MTD3424
JOHNMCNLY,MTD6634
JOHNNEW,MTD0270
JOHNPINE,MTD5640
JOHNPRRE,MTD7620
JOHNPSPCT,MTD7703
JOHNRGWAY,MTD6535
JOHNRSL,MTD1322
JOHNTLCV,MTD5673
JOHNVCTR,MTD2533
JOHNWILS,MTD5072
JOHNWLWN,MTD4631
JOHNWSTRN,MTD5441
JPN,MTD7551
KBYALMA,MTD3423
KBYARW,MTD4331
KBYBLPK,MTD2614
KBYCAROL,MTD5512
KBYCBLFLD,MTD5563
KBYCMBG,MTD2652
KBYCRGWY,MTD4424
KBYCRNDO,MTD5317
KBYCRRGWY,MTD1346
KBYCRSNT,MTD4573
KBYDNCN,MTD0356
KBYDODD,MTD2217
KBYDWSN,MTD7226
KBYGDVWE,MTD5261
KBYGDVWW,MTD0732
KBYGRNCFT,MTD6250
KBYKNWD,MTD3441
KBYLCLNRD,MTD2524
KBYMATS,MTD7267
KBYMYFR,MTD4151
KBYNEIL,MTD7513
KBYOAK,MTD3232
KBYPRKHVN,MTD5614
KBYRDGRD,MTD3317
KBYROSE,MTD1542
KBYRSWD,MTD3201
KBYSCTDL,MTD3111
KBYSRTFRD,MTD5162
KBYSTE,MTD3263
KBYVYRD,MTD6333
KBYWAVE,MTD0331
KBYWSFLD,MTD4346
KBYWSTRN,MTD1332
KERBRKLY,MTD6867
KERCNHM,MTD5671
KERCROL,MTD4746
KERDVSION,MTD9116
KERGRLDNE,MTD3931
KERHGHLNDS,MTD8398
KERWRD,MTD3341
KNCHEASY,MTD1355
KNCHLH,MTD2435
KNCHRAIN,MTD1514
KNYNCRKRB,MTD4308
KNYNESTLND,MTD3568
KNYNSTKSHK,MTD0134
KPDLNVW,MTD3137
KRANNERT,MTD0543
KRBYGLNSHR,MTD9073
KRBYMLKN,MTD5413
LAR,MTD2006
LBRTYBTSYRS,MTD4600
LBRTYCLMBA,MTD2144
LBRTYJEF,MTD3258
LCNSR,MTD7445
LCNSRFTHL,MTD7142
LGGTBRDN,MTD7303
LGN1ST,MTD1662
LGNNEIL,MTD5104
LGNWTR,MTD5510
LKVWWGWD,MTD2271
LKVWWTGTN,MTD1717
LNCLNANT,MTD5867
LNCLNBRAD,MTD1652
LNCLNCA,MTD3651
LNCLNCC,MTD5252
LNCLNCHCH,MTD2126
LNCLNDE,MTD3110
LNCLNEADS,MTD3532
LNCLNFL,MTD5540
LNCLNHIL,MTD2547
LNCLNIA,MTD5231
LNCLNIL,MTD2434
LNCLNIN,MTD4601
LNCLNKING,MTD2261
LNCLNKLRNY,MTD4225
LNCLNMI,MTD6003
LNCLNOH,MTD2143
LNCLNOR,MTD1536
LNCLNPA,MTD6321
LNCLNPK,MTD5426
LNCLNSMR,MTD7337
LNCLNSNST,MTD6212
LNCLNVT,MTD0112
LNCLNWSCR,MTD4540
LNHSTARBR,MTD2654
LNHSTARBR1,MTD5731
LNHSTBDFD,MTD4512
LNHSTBRWS,MTD6510
LNHSTEGRN,MTD4363
LNHSTLNVCT,MTD6142
LNHSTMAGN,MTD5573
LNHSTOML,MTD5520
LNHSTPKLN,MTD5712
LNVWKLRNY,MTD1250
LRMNBRTL,MTD3940
LRMNHNTR,MTD4053
LSDMYNRD,MTD1135
LSE,MTD0101
LUMBER,MTD3554
LWNDLBLPK,MTD2306
LWNDLCENT,MTD6022
LYNPRK,MTD3262
MATS,MTD5705
MATSALTN,MTD4776
MATSANTA,MTD2412
MATSBDMR,MTD6025
MATSBLOM,MTD4722
MATSCAMP,MTD6374
MATSCHEVY,MTD1354
MATSCYPS,MTD6521
MATSDVN,MTD4566
MATSGLNPK,MTD3271
MATSGNSQ,MTD1233
MATSGVA,MTD1247
MATSHNRY,MTD3127
MATSHRBR,MTD2758
MATSINT,MTD6565
MATSMDWDR,MTD4511
MATSPRNCTN,MTD1721
MATSSANG,MTD4064
MATSSGR,MTD4451
MATSSHRDN,MTD6301
MATSSTHWD,MTD2313
MATSSTNGT,MTD5653
MATSUSPS,MTD2521
MATSWDSR,MTD4143
MATSWLM,MTD2770
MCNLYBRD,MTD7151
MCNLYERKA,MTD0002
MCNLYHVAD,MTD4155
MCNLYMPL,MTD3060
MCNLYTRMNT,MTD0402
MCRTRCA,MTD7505
MCRTRCT,MTD5755
MCRTRHI,MTD3227
MCRTRIL,MTD4462
MEIJER,MTD2063
MERCAPLO,MTD6652
MERCFEDEX,MTD6474
MERCGEMCT,MTD7301
MHRYADRSN,MTD0062
MHRYCMBS,MTD3036
MHRYCTGRV,MTD2714
MHRYFLCHR,MTD5125
MHRYLYN,MTD2316
MHRYLYN1,MTD4443
MHRYLYN2,MTD7331
MHRYLYNE,MTD3321
MHRYPHILO,MTD5745
MHRYPND,MTD0463
MHRYVWTR,MTD4517
MIGRNRDG,MTD7918
MIKNCH,MTD0245
MISMITH,MTD1315
MJRPSPCT,MTD2344
MKTBELL,MTD4412
MKTBNB,MTD3503
MKTBRAD,MTD5657
MKTGAR,MTD5330
MKTKNYN,MTD3064
MKTLGN,MTD2181
MKTMERC,MTD7622
MKTMKTV,MTD0202
MKTPAUL,MTD5645
MKTPCH,MTD5273
MKTPLC,MTD3171
MKTPLCCD,MTD5663
MKTPLCN,MTD0144
MKTPLCNE,MTD4024
MKTPLCNMKT,MTD7350
MKTPLCS,MTD3144
MKTPLCSE,MTD3542
MKTPLCW,MTD5505
MKTRPR,MTD5271
MKTTLP,MTD3602
MKTUNI,MTD7133
MKTV,MTD6532
MKTVANT,MTD4452
MKTVSAMS,MTD4771
MKTWLACE,MTD6673
MKTWLBR,MTD0098
MLKNCPRRG,MTD6335
MLKNCRSGT,MTD6330
MLKNCTSMDW,MTD2266
MLKNDVRBRK,MTD5633
MLKNGRVCT,MTD6601
MLKNIRNWD,MTD3077
MLKNRMGNTN,MTD2470
MLKNSTNBDG,MTD0436
MLKNTRSTSHR,MTD5543
MLKNVLA,MTD6147
MLKNWSTBRGH,MTD2003
MN150,MTD1014
MNABD,MTD2561
MNBRDWY,MTD2201
MNBRDY,MTD6357
MNCHSNT,MTD0765
MNCTGRV,MTD4532
MNDDSN,MTD3104
MNDWY,MTD6201
MNENIS,MTD6306
MNFREMNT,MTD3452
MNGLVR,MTD1663
MNGRSBCH,MTD6386
MNGRV,MTD4246
MNHTL,MTD4754
MNLRMN,MTD0660
MNLYN,MTD5574
MNMKT,MTD6173
MNMPL,MTD6561
MNPLR,MTD3140
MNSCWD,MTD4515
MNSMITH,MTD4421
MNUBNA,MTD1645
MNVIN,MTD4205
MNWBR,MTD6613
MNWLNT,MTD3630
MPLPKALTN,MTD2145
MPLPKCRLTN,MTD1267
MPLPKLWNDL,MTD2146
MPLPKMPLWD,MTD4441
MPLPKSANG,MTD5201
MPLPKWLM,MTD0563
MPLPKWLPK,MTD7474
MRANLSD,MTD4666
MYFRBDMR,MTD5024
MYFRGTOWN,MTD6104
MYFRLCLNSH,MTD9956
MYFROF,MTD7123
MYFRSNFR,MTD2237
MYFRTDR,MTD1334
MYFRWTRVN,MTD5276
MYNDCVTRY,MTD7306
MYNRDCMRN,MTD3142
MYNRDKBY,MTD6555
MYRAAUTM,MTD6753
MYRARGPK,MTD0142
MYRASLVHL,MTD1456
MYRATRLS,MTD4377
NEILANT,MTD6140
NEILARC,MTD1632
NEILBELL,MTD5634
NEILBRCH,MTD4501
NEILBRD,MTD1451
NEILBRWS,MTD5622
NEILCD,MTD4533
NEILCLMBA,MTD2553
NEILCNTR,MTD4149
NEILEGB,MTD1133
NEILERKA,MTD0546
NEILGAR,MTD1142
NEILHIL,MTD2305
NEILHLY,MTD2041
NEILHSL,MTD6314
NEILINTR,MTD2740
NEILKNYN,MTD6666
NEILMKTV,MTD4650
NEILMSHL,MTD2362
NEILN,MTD1613
NEILSPFLD,MTD6563
NEILSTDM,MTD4135
NEILTCA,MTD2009
NEILTWN,MTD4982
NEILVIN,MTD4564
NEILWASH,MTD6425
NEILWHT,MTD3725
NEILWLGFRD,MTD3334
NRTHWDGRG,MTD6478
NVGRGPL,MTD4044
NVLNCLN,MTD2463
NWPRTLNDSFRM,MTD8814
NWPRTMLFRD,MTD9738
NWTNLGGT,MTD1312
NWTNNBL,MTD1175
NWTNNWMK,MTD0212
NWTNRSRCH,MTD4523
OAK,MTD1774
OAKANT,MTD3921
OAKGTY,MTD1640
OAKKNYN,MTD4469
OAKSE14,MTD7884
OBRNANTHNY,MTD1883
ODMIDN,MTD6447
ODMIDS,MTD2534
ODNS,MTD3214
ODSS,MTD7317
ONENORTH,MTD2273
ONESOUTH,MTD1141
PA4TH,MTD3326
PA6TH,MTD2460
PAADRSN,MTD1143
PAAG,MTD0613
PABDWY,MTD2733
PABUSEY,MTD4673
PACARL,MTD7323
PACT,MTD2414
PADNR,MTD0226
PAGWN,MTD7174
PAKNCH,MTD1633
PALAW,MTD5105
PAMD,MTD2206
PAORCH,MTD3457
PAPAR,MTD0735
PAR,MTD5524
PARACE,MTD5714
PARKVIEW,MTD1340
PAVIN,MTD5474
PAWILEY,MTD7641
PDKECTS,MTD1675
PDKELOTB,MTD6033
PDKELOTD,MTD2703
PDKWLOTG,MTD6466
PDKWLOTK,MTD6541
PDKWLOTM,MTD1156
PDYKAM,MTD5651
PHILOBCLF,MTD6220
PHILOCO,MTD7430
PHILOFRLN,MTD4720
PHILOHRDG,MTD2033
PHILOLRL,MTD6035
PHILOMFRD,MTD6524
PHILOMI,MTD1026
PHILOPA,MTD5744
PHILOSCVL,MTD7137
PHILOSLVR,MTD3655
PHILOWDSR,MTD2152
PKCNTRL,MTD1437
PKLN,MTD3534
PKLNBDFD,MTD0595
PKLNCTBRAD,MTD0217
PKLNCTCMP,MTD3590
PKLNSTFD,MTD3926
PKMAT,MTD2222
PKMCCLGH,MTD5873
PKNSCHKE,MTD7633
PKNSCOOK,MTD1214
PKNSCROL,MTD6764
PKNSEAST,MTD5141
PKNSHICRS,MTD5154
PKNSIVAN,MTD5417
PKNSRICH,MTD6733
PKNSRNTRW,MTD2413
PKRMN,MTD1531
PKWRT,MTD4255
PLACYNTHA,MTD7771
PLAGH,MTD6265
PLAHNYSKL,MTD1614
PLAJEANNE,MTD7354
PLAJOANE,MTD7527
PLAKIRK,MTD0066
PLALRKSPR,MTD2623
PLAMATS,MTD1553
PLAMCINLY,MTD4922
PLAMCNLY,MTD6155
PLAMELNE,MTD4116
PLAPWRS,MTD2112
PLASTIPAK,MTD3216
PLAZA,MTD7411
PMNABRAD,MTD3360
PMNADSK,MTD0334
PMNAEH,MTD4353
PMNAHRTG,MTD3736
PMNASTANA,MTD5432
PNCRSTPRTFLD,MTD6552
PNCRSTSTLY,MTD6437
PSL,MTD6731
PSPCTASRC,MTD4215
PSPCTASRD,MTD0311
PSPCTBDMR,MTD3103
PSPCTBRD,MTD0626
PSPCTCLMBA,MTD1414
PSPCTDNSN,MTD1631
PSPCTDVN,MTD3260
PSPCTERKA,MTD7253
PSPCTFLRPK,MTD2255
PSPCTFRAN,MTD3126
PSPCTFRNS,MTD0314
PSPCTGALN,MTD4006
PSPCTGRN,MTD3287
PSPCTHEALY,MTD4296
PSPCTHIL,MTD2272
PSPCTHILL,MTD7422
PSPCTHVD,MTD1011
PSPCTINTER,MTD5150
PSPCTJOHN,MTD9445
PSPCTKBY,MTD5725
PSPCTKENT,MTD6063
PSPCTLNSH,MTD3261
PSPCTMJR,MTD4652
PSPCTMKTV,MTD0407
PSPCTMPL,MTD5753
PSPCTPKLN,MTD1134
PSPCTPNR,MTD5627
PSPCTSHWD,MTD6633
PSPCTTRMNT,MTD7141
PSPCTVIN,MTD4613
PSPCTVTRA,MTD1150
PSPCTWASH,MTD1325
QNWAY1,MTD5042
QNWAYRLND,MTD2365
RACEBLSS,MTD7233
RACECA,MTD4263
RACEDE,MTD3450
RACEELM,MTD4325
RACEGRN,MTD7255
RACEHIGH,MTD1460
RACEHLMS,MTD7403
RACEIA,MTD4621
RACEIL,MTD5412
RACEIN,MTD6103
RACEMBRK,MTD4243
RACEMDW,MTD5461
RACEMHRY,MTD2403
RACEMI,MTD2061
RACEMN,MTD4530
RACEMTCLR,MTD6016
RACEMUMFRD,MTD7588
RACENV,MTD4222
RACEOR,MTD5012
RACESWND,MTD0443
RACEUA,MTD5055
RACEVT,MTD4726
RACEWASH1,MTD5345
RACEWASH2,MTD0366
RACEWDSR,MTD1682
RACEWTHL,MTD1641
RBRCFD,MTD2166
RE,MTD3615
RLNDAZTEC,MTD0063
RLNDCMCHE,MTD3644
RLNDDBNS,MTD6641
RLNDWTRS,MTD1331
RMNBRAD,MTD0511
RMNBRD,MTD2512
RMNBRRD,MTD9974
RMNEADS,MTD6362
RMNELLIS,MTD5601
RMNERKA,MTD4040
RMNTRMNT,MTD4747
RNDLFAVNDL,MTD2242
RNDLFBRAD,MTD4563
RNDLFBRD,MTD5213
RNDLFCHAS,MTD7035
RNDLFCLARK,MTD1313
RNDLFCLMBA,MTD3365
RNDLFELS,MTD5460
RNDLFERKA,MTD0404
RNDLFHIL,MTD1211
RNDLFHLY,MTD4022
RNDLFJOHN,MTD6643
RNDLFMPL,MTD2356
RNDLFSPFLD,MTD1222
RNDLFSTNAG,MTD0256
RNDLFTRMNT,MTD3601
RNDLFVIN,MTD7567
RNDLFWASH,MTD6645
RNDLFWHT,MTD4723
RNDLFWLM,MTD3754
RSRCHHBCO,MTD1241
SCWDCACT,MTD0303
SCWDIL,MTD6465
SCWDNV,MTD0554
SCWDOR,MTD3721
SGRCFD,MTD7623
SGRPKLNCT,MTD1034
SKYLNNWPRT,MTD5988
SLVRCTGRV,MTD6143
SLVRFLCHR,MTD5144
SLVRVWTR,MTD6341
SLYBKCRE,MTD6223
SLYBKDOD,MTD0114
SLYBKIRA,MTD3223
SLYBKMG,MTD1520
SLYBKSMITH,MTD6700
SMITH150,MTD6012
SMITHCRE,MTD6246
SMRGRIF,MTD2247
SMRNBVW,MTD6163
SMRNEIL,MTD2103
SMROAK,MTD6654
SMRSGSWTCHGRS,MTD3325
SOLO,MTD0333
SPFLD,MTD3162
SPFLDBRCH,MTD7732
SPFLDBSY,MTD6614
SPFLDCFD,MTD7311
SPFLDCHI,MTD6023
SPFLDDNCN,MTD6353
SPFLDDRPR,MTD3202
SPFLDEDWN,MTD1217
SPFLDELM,MTD3762
SPFLDEMWD,MTD2431
SPFLDFAIR,MTD5142
SPFLDFLDSTN,MTD5850
SPFLDFLRA,MTD3566
SPFLDGRFLD,MTD4037
SPFLDGRGST,MTD5572
SPFLDHILND,MTD1554
SPFLDHVY,MTD4013
SPFLDJAS,MTD4330
SPFLDKLYCT,MTD4553
SPFLDKNWD,MTD5164
SPFLDLYN,MTD2660
SPFLDMATS,MTD8302
SPFLDMCNLY,MTD3446
SPFLDNEW,MTD4740
SPFLDPINE,MTD4347
SPFLDPRC,MTD2341
SPFLDPRRE,MTD4432
SPFLDPSPCT,MTD1746
SPFLDRGWY,MTD5220
SPFLDRSL,MTD5647
SPFLDRYLCT,MTD6531
SPFLDSTLY,MTD6403
SPFLDVNDRN,MTD6134
SPFLDWHTN,MTD0414
SPFLDWLS,MTD3315
SPFLDWLWN,MTD2421
SPGHLGLNHL,MTD5701
SPRINGPLAS,MTD7196
SSTNGLNA,MTD3043
SSTNJACT,MTD1054
SSTNMOS,MTD4176
SSTNMYRA,MTD6554
SSTNPLN,MTD1144
SSTNSMT,MTD6334
SSXOKMNT,MTD4854
SSXSFLD,MTD2410
SSXWIND,MTD9105
SSXWTRFD,MTD1166
STDMOAK,MTD4373
STEAVNDL,MTD6062
STEBRCH,MTD0523
STEBRD,MTD0235
STEBV,MTD5210
STECDR,MTD6121
STECHAS,MTD4130
STECLARK,MTD3153
STECLMBA,MTD2754
STEELS,MTD3304
STEERKA,MTD2423
STEHIL,MTD4150
STEHLY,MTD6467
STEHSL,MTD5034
STEJOHN,MTD1661
STEMPL,MTD6363
STEPK,MTD0074
STESPFLD,MTD2746
STESTNAG,MTD1714
STETC,MTD3710
STETRMNT,MTD6320
STEUNI,MTD2450
STEVIN,MTD2315
STEWASH,MTD3501
STEWHT,MTD1404
STEWLM,MTD4525
STLYAMHT,MTD2012
STLYCLBHS,MTD1137
STLYCLEEN,MTD5181
STLYCPRRDG,MTD8263
STLYINV,MTD4588
STLYKBY,MTD0427
STLYKRNS,MTD8717
STLYTRNBRY,MTD2422
STMAT,MTD2444
STNBKMRAN,MTD3313
STP,MTD4676
SUNNYCREST,MTD6464
SWALMART,MTD5430
SWCF,MTD7665
SWNDPNDR,MTD4275
SWNDPSMN,MTD4741
SWNDSWNC,MTD5445
SWNDSWNC2,MTD7270
SWNDYNKR,MTD1557
SWTCHGRSDFDL,MTD6111
SWTCHGRSTRLWY,MTD0231
SWTCHGRSWLDFLWR,MTD2147
TAT130,MTD4371
TCA,MTD6603
TCBMJR,MTD2015
TCBMNRDS,MTD1567
TCBMRLND,MTD7425
TCBNEIL,MTD3562
TCBPSPCT,MTD4615
TCBTGT,MTD0005
TLGRSSWTCHGRS,MTD1246
TLSNINTER,MTD5123
TMGTCHHL,MTD1145
TMGTPNHST,MTD4466
TMGTWLWBD,MTD7366
TMPSNPK,MTD2527
TRLSBRN,MTD4651
TRLSCHAT,MTD5223
TRLSFWN,MTD3474
TRLSPHILO,MTD6424
UHS,MTD2361
UICU,MTD5616
UIIA,MTD6610
UMS,MTD4310
UNI1ST,MTD5251
UNI2ND,MTD4210
UNI4TH,MTD3521
UNI6TH,MTD5377
UNIASH,MTD1476
UNIAVE,MTD0213
UNICENT,MTD4025
UNICHSNT,MTD4470
UNICHSTR,MTD1425
UNICLR,MTD7441
UNICTGRV,MTD5343
UNIDRPR,MTD6235
UNIELM,MTD0452
UNIFAIR,MTD3062
UNIGWN,MTD1327
UNIHKRY,MTD5303
UNIJAS,MTD4340
UNILAKE,MTD7243
UNILRMN,MTD6626
UNILYN,MTD3653
UNIMATS,MTD0662
UNIMCLGH,MTD4066
UNIMCNLY,MTD2221
UNIMKT,MTD1323
UNIMPL,MTD1266
UNIMTD,MTD4140
UNINEIL,MTD5450
UNINEW,MTD4606
UNIPRRE,MTD1350
UNIPSPCT,MTD1221
UNIRACE,MTD2715
UNIRNDLF,MTD6262
UNIRSL,MTD3242
UNISBN,MTD6434
UNISCMR,MTD3001
UNIVCTR,MTD6213
UNIVIN,MTD3356
UNIWLNT,MTD4012
UNIWLS,MTD5112
UNIWRT,MTD6365
URBMEIJ,MTD5053
UWALMART,MTD0127
VALDUN,MTD8595
VETMED,MTD5511
VINBKWD,MTD6100
VINBRKNS,MTD0327
VINCA,MTD0636
VINCO,MTD4757
VINEGRN,MTD2205
VINELM,MTD2270
VINFRLN,MTD6167
VINGHF,MTD2325
VINGRN,MTD7423
VINHLMS,MTD3464
VINHRIS,MTD5553
VINIL,MTD3100
VINLYN,MTD3703
VINMCNLY,MTD3621
VINMFRD,MTD4043
VINMHRY,MTD2245
VINMNTCLR,MTD3407
VINNV,MTD5774
VINOR,MTD5151
VINPELL,MTD6441
VINPRRE,MTD5434
VINSCVL,MTD6367
VINSNYC,MTD1643
VINSRTS,MTD0336
VINWASH,MTD1317
VINWDSR,MTD1637
VINWLS,MTD4120
VINWTR,MTD3105
VKINGN,MTD5115
VKINGS,MTD7455
VLGCRSNG,MTD0602
VLRALPN,MTD6450
VLRMGHN,MTD0001
VNCEOBRN,MTD9895
VTKNCH,MTD0560
WALMART,MTD1374
WASH2ND,MTD2040
WASH3RD,MTD3337
WASH4TH,MTD2062
WASHASH,MTD1537
WASHCSQR,MTD0415
WASHHKRY,MTD2257
WASHKNCH,MTD2215
WASHLNR,MTD3504
WASHLRMN,MTD7344
WASHMCRTR,MTD6273
WASHPHLPS,MTD3723
WASHRAIN,MTD1154
WASHSCL,MTD7134
WASHSCWD,MTD1601
WASHSMITH,MTD7213
WASHTIM,MTD6570
WDFLDABT,MTD5421
WDFLDCTS,MTD0173
WDFLDSV16,MTD3453
WDGWDCHCK,MTD5323
WDGWDTMGT,MTD2157
WDSR,MTD7332
WDSRBA,MTD3401
WDSRBKSR,MTD6402
WDSRCCS,MTD0655
WDSRCHHL,MTD2401
WDSRCLSL,MTD0435
WDSRCLV,MTD5722
WDSRCRSNG,MTD5174
WDSRDNBK,MTD2416
WDSRDNCN,MTD2526
WDSRFNY,MTD6506
WDSRIMP,MTD3735
WDSRJDN,MTD4345
WDSRLKWD,MTD3374
WDSRLYN,MTD5531
WDSRMLRS,MTD3147
WDSRMTRY,MTD2774
WDSRMYPK,MTD7524
WDSRMYRA,MTD7160
WDSRNEIL,MTD2267
WDSRPSPCT,MTD2641
WDSRSCTDL,MTD7522
WDSRSSTN,MTD4456
WDSRSTLW,MTD3443
WDSRVIN,MTD5295
WDSRVLGGRN,MTD7340
WDSRVYBK,MTD4160
WDSRWEST,MTD3274
WDSRWIND,MTD1164
WDSRWNCH,MTD3511
WDSRWWBK,MTD2644
WESTGATE,MTD4446
WHT1ST,MTD3364
WHT2ND,MTD4655
WHT4TH,MTD2343
WHT6TH,MTD6711
WHTWRT,MTD4551
WILLARD,MTD5405
WILLOWBKR,MTD5921
WILLOWKNYN,MTD0815
WINDATMWD,MTD8386
WINDCNTYSD,MTD3487
WINDPT,MTD8268
WINDWTRFD,MTD2004
WLLWBESN,MTD3841
WLMBLPRK,MTD3556
WLMBRNTWD,MTD3537
WLMCENT,MTD6332
WLMDGWD,MTD5076
WLMDNCN,MTD5402
WLMFROAK,MTD4144
WLMGLDVW,MTD6453
WLMKNWD,MTD6234
WLMMPLPK,MTD7741
WLMOKCRST,MTD7574
WLMSCTDL,MTD3003
WLMSTFRD,MTD6572
WLNTBLY,MTD3462
WLNTCLMBA,MTD4677
WLNTLGN,MTD4276
WLNTMN,MTD2663
WLNTTYLR,MTD5143
WLNTUNI,MTD2674
WLNTWASH,MTD6176
WLRW,MTD2345
WMBG,MTD3376
WMBGGH,MTD3527
WMBGMATS,MTD1605
WMBGSMLN,MTD4132
WMBGSTRG,MTD2227
WMBGTRNTN,MTD5374
WMBGWNTN,MTD0576
WNCHASP,MTD1352
WNCHBDMR,MTD6644
WNCHBKHVN,MTD7653
WNCHBKTRN,MTD7471
WNCHBLMR,MTD5214
WNCHBRBY,MTD3264
WNCHBRCH,MTD7751
WNCHCYPS,MTD3571
WNCHGLNK,MTD6315
WNCHSMC,MTD0240
WNCHSMR,MTD4440
WNCHTMRK,MTD0076
WNDSRFLDS,MTD1443
WNDSRMLKN,MTD0233
WNDSRSTLY,MTD7416
WNDVRCTRYBND,MTD9616
WNDVRPBLCK,MTD2304
WNDVRSMRVW,MTD9378
WNDVRWDSPG,MTD9443
WRDKER,MTD7526
WRTBCH,MTD3330
WRTBSLN,MTD5222
WRTCHAL,MTD4164
WRTCHCH,MTD2761
WRTCLMBA,MTD2373
WRTDBLN,MTD2375
WRTHIL,MTD4463
WRTHLY,MTD5532
WRTSPFLD,MTD3766
WRTSTOTN,MTD6544
WRTWASH,MTD4051
WSFLDALTN,MTD6417
WSFLDCRLTN,MTD0573
WSFLDLWNDL,MTD6123
WSFLDSANG,MTD6055
WSFLDSRDN,MTD1725
WSFLDWLM,MTD0055
YMCA,MTD0209
